images/s1/satwant_1 - Copy.jpg;0
images/s1/satwant_1.jpg;0
images/s1/satwant_20_20_200_200_1 - Copy.jpg;0
images/s1/satwant_20_20_200_200_1.jpg;0
images/s1/satwant_20_20_200_200_10 - Copy.jpg;0
images/s1/satwant_20_20_200_200_10.jpg;0
images/s1/satwant_20_20_200_200_14 - Copy.jpg;0
images/s1/satwant_20_20_200_200_14.jpg;0
images/s1/satwant_20_20_200_200_2 - Copy.jpg;0
images/s1/satwant_20_20_200_200_2.jpg;0
images/s1/satwant_20_20_200_200_3 - Copy.jpg;0
images/s1/satwant_20_20_200_200_3.jpg;0
images/s1/satwant_20_20_200_200_4 - Copy.jpg;0
images/s1/satwant_20_20_200_200_4.jpg;0
images/s1/satwant_20_20_200_200_5 - Copy.jpg;0
images/s1/satwant_20_20_200_200_5.jpg;0
images/s1/satwant_20_20_200_200_6 - Copy.jpg;0
images/s1/satwant_20_20_200_200_6.jpg;0
images/s1/satwant_20_20_200_200_7 - Copy.jpg;0
images/s1/satwant_20_20_200_200_7.jpg;0
images/s1/satwant_20_20_200_200_8 - Copy.jpg;0
images/s1/satwant_20_20_200_200_8.jpg;0
images/s1/satwant_20_20_200_200_9 - Copy.jpg;0
images/s1/satwant_20_20_200_200_9.jpg;0
images/s1/satwant_3 - Copy.jpg;0
images/s1/satwant_3.jpg;0
images/s1/satwant_30_30_200_200_1 - Copy.jpg;0
images/s1/satwant_30_30_200_200_1.jpg;0
images/s1/satwant_30_30_200_200_10 - Copy.jpg;0
images/s1/satwant_30_30_200_200_10.jpg;0
images/s1/satwant_30_30_200_200_14 - Copy.jpg;0
images/s1/satwant_30_30_200_200_14.jpg;0
images/s1/satwant_30_30_200_200_15 - Copy.jpg;0
images/s1/satwant_30_30_200_200_15.jpg;0
images/s1/satwant_30_30_200_200_16 - Copy.jpg;0
images/s1/satwant_30_30_200_200_16.jpg;0
images/s1/satwant_30_30_200_200_2 - Copy.jpg;0
images/s1/satwant_30_30_200_200_2.jpg;0
images/s1/satwant_30_30_200_200_3 - Copy.jpg;0
images/s1/satwant_30_30_200_200_3.jpg;0
images/s1/satwant_30_30_200_200_4 - Copy.jpg;0
images/s1/satwant_30_30_200_200_4.jpg;0
images/s1/satwant_30_30_200_200_5 - Copy.jpg;0
images/s1/satwant_30_30_200_200_5.jpg;0
images/s1/satwant_30_30_200_200_6 - Copy.jpg;0
images/s1/satwant_30_30_200_200_6.jpg;0
images/s1/satwant_30_30_200_200_7 - Copy.jpg;0
images/s1/satwant_30_30_200_200_7.jpg;0
images/s1/satwant_30_30_200_200_8 - Copy.jpg;0
images/s1/satwant_30_30_200_200_8.jpg;0
images/s1/satwant_30_30_200_200_9 - Copy.jpg;0
images/s1/satwant_30_30_200_200_9.jpg;0
images/s2/1.jpg;1
